<application>
  <component name="FileTypeManager" version="17">
    <ignoreFiles list="*.hprof;*.iml;*.pyc;*.pyo;*.rbc;*.yarb;*~;.DS_Store;.git;.hg;.svn;CVS;__pycache__;_svn;vssver.scc;vssver2.scc;" />
    <extensionMap>
      <mapping pattern=".gitignore_global" type="Git file" />
      <mapping pattern="builder" type="PLAIN_TEXT" />
      <mapping pattern="templatemethod" type="PLAIN_TEXT" />
      <mapping pattern="proxy" type="PLAIN_TEXT" />
      <mapping pattern="strategypattern" type="PLAIN_TEXT" />
      <mapping pattern="121" type="PLAIN_TEXT" />
      <mapping pattern="decorator" type="PLAIN_TEXT" />
      <mapping pattern="flyweight" type="PLAIN_TEXT" />
      <mapping pattern="interfaceadapter" type="PLAIN_TEXT" />
      <mapping pattern="adapter" type="PLAIN_TEXT" />
      <mapping pattern="composite" type="PLAIN_TEXT" />
      <mapping pattern="simpleFactory" type="PLAIN_TEXT" />
      <mapping pattern="readme" type="PLAIN_TEXT" />
      <mapping pattern="132" type="PLAIN_TEXT" />
      <mapping pattern="bridge" type="PLAIN_TEXT" />
      <mapping pattern="abstractfactory" type="PLAIN_TEXT" />
      <mapping pattern="prototype" type="PLAIN_TEXT" />
      <mapping pattern="facade" type="PLAIN_TEXT" />
      <mapping pattern=".gitkeep" type="PLAIN_TEXT" />
      <mapping pattern="factorymethod" type="PLAIN_TEXT" />
      <mapping ext="conf" type="PLAIN_TEXT" />
      <mapping ext="yml1" type="PLAIN_TEXT" />
      <mapping ext="data" type="PLAIN_TEXT" />
      <mapping ext="dubbospiservice" type="PLAIN_TEXT" />
      <mapping ext="th" type="ThymeleafExpressions" />
    </extensionMap>
  </component>
</application>