<application>
  <component name="FindSettings">
    <option name="customScope" value="All Places" />
    <option name="defaultScopeName" value="All Places" />
    <option name="SEARCH_SCOPE" value="All Places" />
    <option name="FILE_MASK" value="*.java" />
    <mask>*.html</mask>
    <mask>*.js</mask>
    <mask>*.as</mask>
    <mask>*.css</mask>
    <mask>*.mxml</mask>
    <mask>*.pom</mask>
    <mask>pom .xml</mask>
    <mask>*local*</mask>
    <mask>log4j.properties</mask>
    <mask>log4j.xml</mask>
    <mask>*.vm</mask>
    <mask>*.jsp</mask>
    <mask>*.properties</mask>
    <mask>*.*</mask>
    <mask>*.yml</mask>
    <mask>*.xml</mask>
    <mask>pom.xml</mask>
    <mask>*.java</mask>
  </component>
</application>