<application>
  <component name="ProjectManager">
    <defaultProject>
      <component name="CheckStyle-IDEA">
        <option name="configuration">
          <map>
            <entry key="checkstyle-version" value="8.10" />
            <entry key="copy-libs" value="false" />
            <entry key="location-0" value="BUNDLED:(bundled):Sun Checks" />
            <entry key="location-1" value="BUNDLED:(bundled):Google Checks" />
            <entry key="scan-before-checkin" value="false" />
            <entry key="scanscope" value="JavaOnly" />
            <entry key="suppress-errors" value="false" />
          </map>
        </option>
      </component>
      <component name="CheckStyle-IDEA-workspace">
        <option name="configuration">
          <map>
            <entry key="last-active-plugin-version" value="5.19.0" />
          </map>
        </option>
      </component>
      <component name="Encoding">
        <file url="PROJECT" charset="UTF-8" />
      </component>
      <component name="GradleLocalSettings">
        <option name="projectSyncType">
          <map>
            <entry key="$USER_HOME$/humealoom/workspace/classic/spring" value="PREVIEW" />
            <entry key="$USER_HOME$/humealoom/workspace/classic/spring-framework" value="PREVIEW" />
            <entry key="$USER_HOME$/humealoom/workspace/classic/spring-framework-3.2.x" value="PREVIEW" />
            <entry key="$USER_HOME$/humealoom/workspace/classic/spring-framework-master" value="PREVIEW" />
            <entry key="$USER_HOME$/humealoom/workspace/github/elasticsearch" value="PREVIEW" />
          </map>
        </option>
      </component>
      <component name="JsFlowSettings">
        <service-enabled>true</service-enabled>
        <exe-path />
        <other-services-enabled>true</other-services-enabled>
        <auto-save>true</auto-save>
      </component>
      <component name="MavenImportPreferences">
        <option name="generalSettings">
          <MavenGeneralSettings>
            <option name="failureBehavior" value="FAST" />
            <option name="localRepository" value="$MAVEN_REPOSITORY$" />
            <option name="userSettingsFile" value="$USER_HOME$/.m2/settings.xml" />
          </MavenGeneralSettings>
        </option>
        <option name="importingSettings">
          <MavenImportingSettings>
            <option name="vmOptionsForImporter" value="-Xmx768m" />
          </MavenImportingSettings>
        </option>
      </component>
      <component name="MavenRunner">
        <option name="jreName" value="1.8" />
      </component>
      <component name="ProjectDictionaryState">
        <dictionary name="humealoom" />
      </component>
      <component name="ProjectInspectionProfilesVisibleTreeState">
        <entry key="Project Default">
          <profile-state>
            <expanded-state>
              <State />
              <State>
                <id>AccessibilityLintAndroid</id>
              </State>
              <State>
                <id>Ali-Check</id>
              </State>
              <State>
                <id>Android</id>
              </State>
              <State>
                <id>Bitwise operation issuesJavaScript</id>
              </State>
              <State>
                <id>ComplianceLintAndroid</id>
              </State>
              <State>
                <id>CorrectnessLintAndroid</id>
              </State>
              <State>
                <id>DOM issuesJavaScript</id>
              </State>
              <State>
                <id>Error handlingJava</id>
              </State>
              <State>
                <id>Google Web Toolkit</id>
              </State>
              <State>
                <id>IconsUsabilityLintAndroid</id>
              </State>
              <State>
                <id>JBoss Seam</id>
              </State>
              <State>
                <id>Java</id>
              </State>
              <State>
                <id>JavaScript</id>
              </State>
              <State>
                <id>LintAndroid</id>
              </State>
              <State>
                <id>PerformanceLintAndroid</id>
              </State>
              <State>
                <id>SecurityJava</id>
              </State>
              <State>
                <id>SecurityLintAndroid</id>
              </State>
              <State>
                <id>UsabilityLintAndroid</id>
              </State>
            </expanded-state>
            <selected-state>
              <State>
                <id>Ali-Check</id>
              </State>
            </selected-state>
          </profile-state>
        </entry>
      </component>
      <component name="PropertiesComponent">
        <property name="nodejs_interpreter_path.stuck_in_default_project" value="undefined stuck path" />
        <property name="nodejs_npm_path_reset_for_default_project" value="true" />
        <property name="project.structure.last.edited" value="Problems" />
        <property name="project.structure.proportion" value="0.15" />
        <property name="project.structure.side.proportion" value="0.2" />
        <property name="settings.editor.selected.configurable" value="project.propGUI" />
      </component>
      <component name="RunManager">
        <configuration default="true" type="Application" factoryName="Application">
          <option name="WORKING_DIRECTORY" value="$PROJECT_DIR$" />
        </configuration>
        <configuration default="true" type="JUnit" factoryName="JUnit">
          <option name="ALTERNATIVE_JRE_PATH_ENABLED" value="false" />
          <option name="ALTERNATIVE_JRE_PATH" />
          <option name="PACKAGE_NAME" />
          <option name="MAIN_CLASS_NAME" />
          <option name="METHOD_NAME" />
          <option name="TEST_OBJECT" value="class" />
          <option name="VM_PARAMETERS" value="-ea" />
          <option name="PARAMETERS" />
          <option name="WORKING_DIRECTORY" value="%MODULE_WORKING_DIR%" />
          <option name="PASS_PARENT_ENVS" value="true" />
          <option name="TEST_SEARCH_SCOPE">
            <value defaultName="singleModule" />
          </option>
          <patterns />
        </configuration>
        <configuration default="true" type="TestNG" factoryName="TestNG">
          <option name="ALTERNATIVE_JRE_PATH_ENABLED" value="false" />
          <option name="ALTERNATIVE_JRE_PATH" />
          <option name="SUITE_NAME" />
          <option name="PACKAGE_NAME" />
          <option name="MAIN_CLASS_NAME" />
          <option name="METHOD_NAME" />
          <option name="GROUP_NAME" />
          <option name="TEST_OBJECT" value="CLASS" />
          <option name="VM_PARAMETERS" value="-ea" />
          <option name="PARAMETERS" />
          <option name="WORKING_DIRECTORY" value="%MODULE_WORKING_DIR%" />
          <option name="OUTPUT_DIRECTORY" />
          <option name="PASS_PARENT_ENVS" value="true" />
          <option name="TEST_SEARCH_SCOPE">
            <value defaultName="singleModule" />
          </option>
          <option name="USE_DEFAULT_REPORTERS" value="false" />
          <option name="PROPERTIES_FILE" />
          <properties />
          <listeners />
        </configuration>
      </component>
      <component name="SvnConfiguration">
        <configuration>$USER_HOME$/.subversion</configuration>
      </component>
      <component name="masterDetails">
        <states>
          <state key="ArquillianSettingsConfigurable.UI">
            <settings>
              <splitter-proportions>
                <option name="proportions">
                  <list>
                    <option value="0.2" />
                  </list>
                </option>
              </splitter-proportions>
            </settings>
          </state>
          <state key="Copyright.UI">
            <settings>
              <splitter-proportions>
                <option name="proportions">
                  <list>
                    <option value="0.2" />
                  </list>
                </option>
              </splitter-proportions>
            </settings>
          </state>
          <state key="GlobalLibrariesConfigurable.UI">
            <settings>
              <splitter-proportions>
                <option name="proportions">
                  <list>
                    <option value="0.2" />
                  </list>
                </option>
              </splitter-proportions>
            </settings>
          </state>
          <state key="JdkListConfigurable.UI">
            <settings>
              <last-edited>1.7</last-edited>
              <splitter-proportions>
                <option name="proportions">
                  <list>
                    <option value="0.2" />
                  </list>
                </option>
              </splitter-proportions>
            </settings>
          </state>
          <state key="ProjectJDKs.UI">
            <settings>
              <last-edited>1.7</last-edited>
              <splitter-proportions>
                <option name="proportions">
                  <list>
                    <option value="0.2" />
                  </list>
                </option>
              </splitter-proportions>
            </settings>
          </state>
          <state key="ProjectLibrariesConfigurable.UI">
            <settings>
              <splitter-proportions>
                <option name="proportions">
                  <list>
                    <option value="0.2" />
                  </list>
                </option>
              </splitter-proportions>
            </settings>
          </state>
          <state key="ScopeChooserConfigurable.UI">
            <settings>
              <splitter-proportions>
                <option name="proportions">
                  <list>
                    <option value="0.2" />
                  </list>
                </option>
              </splitter-proportions>
            </settings>
          </state>
        </states>
      </component>
    </defaultProject>
  </component>
</application>