<application>
  <component name="AppStorage">
    <histories>
      <item value="silently" />
      <item value="If we cannot queue task" />
      <item value="enqueuing" />
      <item value="fewer" />
      <item value="preceding" />
      <item value="NOSONAR" />
      <item value="negotiation" />
      <item value="minus" />
      <item value="handle" />
      <item value="Header used to determine which listener to invoke for a returned message" />
      <item value="Discovered" />
      <item value="immediately" />
      <item value="subsequent" />
      <item value="Exponential" />
      <item value="Deque" />
      <item value="Phantom" />
      <item value="interoperability" />
      <item value="underlying" />
      <item value="deserializes" />
      <item value="poll" />
      <item value="ephemeral" />
      <item value="Activate" />
      <item value="extract" />
      <item value="Wrapper" />
      <item value="Refer" />
      <item value="export" />
      <item value="Delegate" />
      <item value="Extension" />
      <item value="Absent" />
      <item value="threshold" />
      <item value="Logistics" />
      <item value="stamp" />
      <item value="afterturn" />
      <item value="Extracts" />
      <item value="备读取数据&quot;); System.out.println(Thread.currentThread().getName() + &quot;读取&quot; + this.data);" />
      <item value="Reentrant" />
      <item value="fill In" />
      <item value="province Id" />
      <item value="trigger" />
      <item value="Connection connection = connectionFactory.newConnection(); Channel channel = connection.createChannel(); channel.queueDeclare(queueName, true, false, false, null); channel.queueBind(queueName, exchangeName, bindingKey);" />
      <item value="WAIT APPROVAL" />
      <item value="审核" />
      <item value="approval" />
      <item value="落单" />
      <item value="结算页接口URL" />
      <item value="APPROVED" />
      <item value="旅行家" />
      <item value="车服务" />
      <item value="电商" />
      <item value="outter" />
    </histories>
    <option name="languageScores">
      <map>
        <entry key="CHINESE" value="436" />
        <entry key="ENGLISH" value="437" />
        <entry key="FRENCH" value="2" />
        <entry key="LATIN" value="5" />
        <entry key="ROMANIAN" value="2" />
        <entry key="SLOVAK" value="1" />
        <entry key="SLOVENIAN" value="2" />
        <entry key="UZBEK" value="1" />
        <entry key="SPANISH" value="1" />
        <entry key="ITALIAN" value="1" />
      </map>
    </option>
  </component>
</application>