<profile version="1.0">
  <option name="myName" value="Project Default" />
  <inspection_tool class="AndroidDomInspection" enabled="false" level="ERROR" enabled_by_default="false" />
  <inspection_tool class="AndroidElementNotAllowed" enabled="false" level="WARNING" enabled_by_default="false" />
  <inspection_tool class="AndroidLintAaptCrash" enabled="false" level="ERROR" enabled_by_default="false" />
  <inspection_tool class="AndroidLintAccidentalOctal" enabled="false" level="ERROR" enabled_by_default="false" />
  <inspection_tool class="AndroidLintAdapterViewChildren" enabled="false" level="WARNING" enabled_by_default="false" />
  <inspection_tool class="AndroidLintAddJavascriptInterface" enabled="false" level="WARNING" enabled_by_default="false" />
  <inspection_tool class="AndroidLintAllCaps" enabled="false" level="WARNING" enabled_by_default="false" />
  <inspection_tool class="AndroidLintAllowAllHostnameVerifier" enabled="false" level="WARNING" enabled_by_default="false" />
  <inspection_tool class="AndroidLintAllowBackup" enabled="false" level="WARNING" enabled_by_default="false" />
  <inspection_tool class="AndroidLintAlwaysShowAction" enabled="false" level="WARNING" enabled_by_default="false" />
  <inspection_tool class="AndroidLintAnimatorKeep" enabled="false" level="WARNING" enabled_by_default="false" />
  <inspection_tool class="AndroidLintAppCompatCustomView" enabled="false" level="ERROR" enabled_by_default="false" />
  <inspection_tool class="AndroidLintAppCompatMethod" enabled="false" level="WARNING" enabled_by_default="false" />
  <inspection_tool class="AndroidLintAppCompatResource" enabled="false" level="ERROR" enabled_by_default="false" />
  <inspection_tool class="AndroidLintAppIndexingService" enabled="false" level="WARNING" enabled_by_default="false" />
  <inspection_tool class="AndroidLintAppLinkUrlError" enabled="false" level="ERROR" enabled_by_default="false" />
  <inspection_tool class="AndroidLintApplySharedPref" enabled="false" level="WARNING" enabled_by_default="false" />
  <inspection_tool class="AndroidLintAssert" enabled="false" level="WARNING" enabled_by_default="false" />
  <inspection_tool class="AndroidLintAuthLeak" enabled="false" level="WARNING" enabled_by_default="false" />
  <inspection_tool class="AndroidLintAutofill" enabled="false" level="WARNING" enabled_by_default="false" />
  <inspection_tool class="AndroidLintBadHostnameVerifier" enabled="false" level="WARNING" enabled_by_default="false" />
  <inspection_tool class="AndroidLintBatteryLife" enabled="false" level="WARNING" enabled_by_default="false" />
  <inspection_tool class="AndroidLintBottomAppBar" enabled="false" level="ERROR" enabled_by_default="false" />
  <inspection_tool class="AndroidLintButtonCase" enabled="false" level="WARNING" enabled_by_default="false" />
  <inspection_tool class="AndroidLintButtonOrder" enabled="false" level="WARNING" enabled_by_default="false" />
  <inspection_tool class="AndroidLintButtonStyle" enabled="false" level="WARNING" enabled_by_default="false" />
  <inspection_tool class="AndroidLintByteOrderMark" enabled="false" level="ERROR" enabled_by_default="false" />
  <inspection_tool class="AndroidLintCanvasSize" enabled="false" level="WARNING" enabled_by_default="false" />
  <inspection_tool class="AndroidLintCheckResult" enabled="false" level="WARNING" enabled_by_default="false" />
  <inspection_tool class="AndroidLintClickableViewAccessibility" enabled="false" level="WARNING" enabled_by_default="false" />
  <inspection_tool class="AndroidLintCommitPrefEdits" enabled="false" level="WARNING" enabled_by_default="false" />
  <inspection_tool class="AndroidLintCommitTransaction" enabled="false" level="WARNING" enabled_by_default="false" />
  <inspection_tool class="AndroidLintConstantLocale" enabled="false" level="WARNING" enabled_by_default="false" />
  <inspection_tool class="AndroidLintContentDescription" enabled="false" level="WARNING" enabled_by_default="false" />
  <inspection_tool class="AndroidLintCustomViewStyleable" enabled="false" level="WARNING" enabled_by_default="false" />
  <inspection_tool class="AndroidLintCutPasteId" enabled="false" level="WARNING" enabled_by_default="false" />
  <inspection_tool class="AndroidLintDefaultLocale" enabled="false" level="WARNING" enabled_by_default="false" />
  <inspection_tool class="AndroidLintDeletedProvider" enabled="false" level="ERROR" enabled_by_default="false" />
  <inspection_tool class="AndroidLintDeprecated" enabled="false" level="WARNING" enabled_by_default="false" />
  <inspection_tool class="AndroidLintDeprecatedProvider" enabled="false" level="WARNING" enabled_by_default="false" />
  <inspection_tool class="AndroidLintDevModeObsolete" enabled="false" level="WARNING" enabled_by_default="false" />
  <inspection_tool class="AndroidLintDeviceAdmin" enabled="false" level="WARNING" enabled_by_default="false" />
  <inspection_tool class="AndroidLintDisableBaselineAlignment" enabled="false" level="WARNING" enabled_by_default="false" />
  <inspection_tool class="AndroidLintDrawAllocation" enabled="false" level="WARNING" enabled_by_default="false" />
  <inspection_tool class="AndroidLintDuplicateActivity" enabled="false" level="ERROR" enabled_by_default="false" />
  <inspection_tool class="AndroidLintDuplicateDefinition" enabled="false" level="ERROR" enabled_by_default="false" />
  <inspection_tool class="AndroidLintDuplicateDivider" enabled="false" level="WARNING" enabled_by_default="false" />
  <inspection_tool class="AndroidLintDuplicateIds" enabled="false" level="ERROR" enabled_by_default="false" />
  <inspection_tool class="AndroidLintDuplicateIncludedIds" enabled="false" level="WARNING" enabled_by_default="false" />
  <inspection_tool class="AndroidLintDuplicatePlatformClasses" enabled="false" level="ERROR" enabled_by_default="false" />
  <inspection_tool class="AndroidLintDuplicateUsesFeature" enabled="false" level="WARNING" enabled_by_default="false" />
  <inspection_tool class="AndroidLintEllipsizeMaxLines" enabled="false" level="ERROR" enabled_by_default="false" />
  <inspection_tool class="AndroidLintEnforceUTF8" enabled="false" level="ERROR" enabled_by_default="false" />
  <inspection_tool class="AndroidLintEnqueueWork" enabled="false" level="WARNING" enabled_by_default="false" />
  <inspection_tool class="AndroidLintExifInterface" enabled="false" level="WARNING" enabled_by_default="false" />
  <inspection_tool class="AndroidLintExpiredTargetSdkVersion" enabled="false" level="ERROR" enabled_by_default="false" />
  <inspection_tool class="AndroidLintExpiringTargetSdkVersion" enabled="false" level="ERROR" enabled_by_default="false" />
  <inspection_tool class="AndroidLintExportedContentProvider" enabled="false" level="WARNING" enabled_by_default="false" />
  <inspection_tool class="AndroidLintExportedPreferenceActivity" enabled="false" level="WARNING" enabled_by_default="false" />
  <inspection_tool class="AndroidLintExportedReceiver" enabled="false" level="WARNING" enabled_by_default="false" />
  <inspection_tool class="AndroidLintExportedService" enabled="false" level="WARNING" enabled_by_default="false" />
  <inspection_tool class="AndroidLintExtraText" enabled="false" level="WARNING" enabled_by_default="false" />
  <inspection_tool class="AndroidLintExtraTranslation" enabled="false" level="ERROR" enabled_by_default="false" />
  <inspection_tool class="AndroidLintFindViewByIdCast" enabled="false" level="WARNING" enabled_by_default="false" />
  <inspection_tool class="AndroidLintFloatMath" enabled="false" level="WARNING" enabled_by_default="false" />
  <inspection_tool class="AndroidLintFontValidationError" enabled="false" level="ERROR" enabled_by_default="false" />
  <inspection_tool class="AndroidLintFontValidationWarning" enabled="false" level="WARNING" enabled_by_default="false" />
  <inspection_tool class="AndroidLintFullBackupContent" enabled="false" level="ERROR" enabled_by_default="false" />
  <inspection_tool class="AndroidLintGetContentDescriptionOverride" enabled="false" level="ERROR" enabled_by_default="false" />
  <inspection_tool class="AndroidLintGetInstance" enabled="false" level="WARNING" enabled_by_default="false" />
  <inspection_tool class="AndroidLintGetLocales" enabled="false" level="ERROR" enabled_by_default="false" />
  <inspection_tool class="AndroidLintGifUsage" enabled="false" level="WARNING" enabled_by_default="false" />
  <inspection_tool class="AndroidLintGoogleAppIndexingWarning" enabled="false" level="WARNING" enabled_by_default="false" />
  <inspection_tool class="AndroidLintGradleCompatible" enabled="false" level="ERROR" enabled_by_default="false" />
  <inspection_tool class="AndroidLintGradleDependency" enabled="false" level="WARNING" enabled_by_default="false" />
  <inspection_tool class="AndroidLintGradleDeprecated" enabled="false" level="WARNING" enabled_by_default="false" />
  <inspection_tool class="AndroidLintGradleDynamicVersion" enabled="false" level="WARNING" enabled_by_default="false" />
  <inspection_tool class="AndroidLintGradleGetter" enabled="false" level="ERROR" enabled_by_default="false" />
  <inspection_tool class="AndroidLintGradleIdeError" enabled="false" level="ERROR" enabled_by_default="false" />
  <inspection_tool class="AndroidLintGradleOverrides" enabled="false" level="WARNING" enabled_by_default="false" />
  <inspection_tool class="AndroidLintGradlePath" enabled="false" level="WARNING" enabled_by_default="false" />
  <inspection_tool class="AndroidLintGradlePluginVersion" enabled="false" level="ERROR" enabled_by_default="false" />
  <inspection_tool class="AndroidLintGrantAllUris" enabled="false" level="WARNING" enabled_by_default="false" />
  <inspection_tool class="AndroidLintGridLayout" enabled="false" level="ERROR" enabled_by_default="false" />
  <inspection_tool class="AndroidLintHalfFloat" enabled="false" level="ERROR" enabled_by_default="false" />
  <inspection_tool class="AndroidLintHandlerLeak" enabled="false" level="WARNING" enabled_by_default="false" />
  <inspection_tool class="AndroidLintHardcodedDebugMode" enabled="false" level="ERROR" enabled_by_default="false" />
  <inspection_tool class="AndroidLintHardcodedText" enabled="false" level="WARNING" enabled_by_default="false" />
  <inspection_tool class="AndroidLintHardwareIds" enabled="false" level="WARNING" enabled_by_default="false" />
  <inspection_tool class="AndroidLintHighAppVersionCode" enabled="false" level="ERROR" enabled_by_default="false" />
  <inspection_tool class="AndroidLintIconColors" enabled="false" level="WARNING" enabled_by_default="false" />
  <inspection_tool class="AndroidLintIconDensities" enabled="false" level="WARNING" enabled_by_default="false" />
  <inspection_tool class="AndroidLintIconDipSize" enabled="false" level="WARNING" enabled_by_default="false" />
  <inspection_tool class="AndroidLintIconDuplicates" enabled="false" level="WARNING" enabled_by_default="false" />
  <inspection_tool class="AndroidLintIconDuplicatesConfig" enabled="false" level="WARNING" enabled_by_default="false" />
  <inspection_tool class="AndroidLintIconExtension" enabled="false" level="WARNING" enabled_by_default="false" />
  <inspection_tool class="AndroidLintIconLauncherShape" enabled="false" level="WARNING" enabled_by_default="false" />
  <inspection_tool class="AndroidLintIconLocation" enabled="false" level="WARNING" enabled_by_default="false" />
  <inspection_tool class="AndroidLintIconMissingDensityFolder" enabled="false" level="WARNING" enabled_by_default="false" />
  <inspection_tool class="AndroidLintIconMixedNinePatch" enabled="false" level="WARNING" enabled_by_default="false" />
  <inspection_tool class="AndroidLintIconNoDpi" enabled="false" level="WARNING" enabled_by_default="false" />
  <inspection_tool class="AndroidLintIconXmlAndPng" enabled="false" level="WARNING" enabled_by_default="false" />
  <inspection_tool class="AndroidLintIllegalResourceRef" enabled="false" level="WARNING" enabled_by_default="false" />
  <inspection_tool class="AndroidLintImpliedQuantity" enabled="false" level="ERROR" enabled_by_default="false" />
  <inspection_tool class="AndroidLintImpliedTouchscreenHardware" enabled="false" level="ERROR" enabled_by_default="false" />
  <inspection_tool class="AndroidLintInOrMmUsage" enabled="false" level="WARNING" enabled_by_default="false" />
  <inspection_tool class="AndroidLintIncludeLayoutParam" enabled="false" level="ERROR" enabled_by_default="false" />
  <inspection_tool class="AndroidLintIncompatibleMediaBrowserServiceCompatVersion" enabled="false" level="WARNING" enabled_by_default="false" />
  <inspection_tool class="AndroidLintInconsistentArrays" enabled="false" level="WARNING" enabled_by_default="false" />
  <inspection_tool class="AndroidLintInconsistentLayout" enabled="false" level="WARNING" enabled_by_default="false" />
  <inspection_tool class="AndroidLintInefficientWeight" enabled="false" level="WARNING" enabled_by_default="false" />
  <inspection_tool class="AndroidLintInflateParams" enabled="false" level="WARNING" enabled_by_default="false" />
  <inspection_tool class="AndroidLintInlinedApi" enabled="false" level="WARNING" enabled_by_default="false" />
  <inspection_tool class="AndroidLintInnerclassSeparator" enabled="false" level="WARNING" enabled_by_default="false" />
  <inspection_tool class="AndroidLintInstantApps" enabled="false" level="WARNING" enabled_by_default="false" />
  <inspection_tool class="AndroidLintIntentReset" enabled="false" level="WARNING" enabled_by_default="false" />
  <inspection_tool class="AndroidLintInvalidAnalyticsName" enabled="false" level="ERROR" enabled_by_default="false" />
  <inspection_tool class="AndroidLintInvalidId" enabled="false" level="ERROR" enabled_by_default="false" />
  <inspection_tool class="AndroidLintInvalidImeActionId" enabled="false" level="ERROR" enabled_by_default="false" />
  <inspection_tool class="AndroidLintInvalidNavigation" enabled="false" level="WARNING" enabled_by_default="false" />
  <inspection_tool class="AndroidLintInvalidPermission" enabled="false" level="WARNING" enabled_by_default="false" />
  <inspection_tool class="AndroidLintInvalidResourceFolder" enabled="false" level="ERROR" enabled_by_default="false" />
  <inspection_tool class="AndroidLintInvalidUsesTagAttribute" enabled="false" level="ERROR" enabled_by_default="false" />
  <inspection_tool class="AndroidLintInvalidVectorPath" enabled="false" level="ERROR" enabled_by_default="false" />
  <inspection_tool class="AndroidLintInvalidWakeLockTag" enabled="false" level="ERROR" enabled_by_default="false" />
  <inspection_tool class="AndroidLintInvalidWearFeatureAttribute" enabled="false" level="ERROR" enabled_by_default="false" />
  <inspection_tool class="AndroidLintJavascriptInterface" enabled="false" level="ERROR" enabled_by_default="false" />
  <inspection_tool class="AndroidLintJobSchedulerService" enabled="false" level="WARNING" enabled_by_default="false" />
  <inspection_tool class="AndroidLintKeyboardInaccessibleWidget" enabled="false" level="WARNING" enabled_by_default="false" />
  <inspection_tool class="AndroidLintLabelFor" enabled="false" level="WARNING" enabled_by_default="false" />
  <inspection_tool class="AndroidLintLibraryCustomView" enabled="false" level="ERROR" enabled_by_default="false" />
  <inspection_tool class="AndroidLintLintBaseline" enabled="false" level="INFO" enabled_by_default="false" />
  <inspection_tool class="AndroidLintLocalSuppress" enabled="false" level="ERROR" enabled_by_default="false" />
  <inspection_tool class="AndroidLintLocaleFolder" enabled="false" level="WARNING" enabled_by_default="false" />
  <inspection_tool class="AndroidLintLogTagMismatch" enabled="false" level="ERROR" enabled_by_default="false" />
  <inspection_tool class="AndroidLintLongLogTag" enabled="false" level="ERROR" enabled_by_default="false" />
  <inspection_tool class="AndroidLintManifestOrder" enabled="false" level="WARNING" enabled_by_default="false" />
  <inspection_tool class="AndroidLintManifestResource" enabled="false" level="ERROR" enabled_by_default="false" />
  <inspection_tool class="AndroidLintMenuTitle" enabled="false" level="ERROR" enabled_by_default="false" />
  <inspection_tool class="AndroidLintMergeMarker" enabled="false" level="ERROR" enabled_by_default="false" />
  <inspection_tool class="AndroidLintMergeRootFrame" enabled="false" level="WARNING" enabled_by_default="false" />
  <inspection_tool class="AndroidLintMinSdkTooLow" enabled="false" level="WARNING" enabled_by_default="false" />
  <inspection_tool class="AndroidLintMipmapIcons" enabled="false" level="WARNING" enabled_by_default="false" />
  <inspection_tool class="AndroidLintMissingApplicationIcon" enabled="false" level="WARNING" enabled_by_default="false" />
  <inspection_tool class="AndroidLintMissingBackupPin" enabled="false" level="WARNING" enabled_by_default="false" />
  <inspection_tool class="AndroidLintMissingConstraints" enabled="false" level="ERROR" enabled_by_default="false" />
  <inspection_tool class="AndroidLintMissingDefaultResource" enabled="false" level="ERROR" enabled_by_default="false" />
  <inspection_tool class="AndroidLintMissingFirebaseInstanceTokenRefresh" enabled="false" level="WARNING" enabled_by_default="false" />
  <inspection_tool class="AndroidLintMissingId" enabled="false" level="WARNING" enabled_by_default="false" />
  <inspection_tool class="AndroidLintMissingIntentFilterForMediaSearch" enabled="false" level="ERROR" enabled_by_default="false" />
  <inspection_tool class="AndroidLintMissingLeanbackLauncher" enabled="false" level="ERROR" enabled_by_default="false" />
  <inspection_tool class="AndroidLintMissingLeanbackSupport" enabled="false" level="ERROR" enabled_by_default="false" />
  <inspection_tool class="AndroidLintMissingMediaBrowserServiceIntentFilter" enabled="false" level="ERROR" enabled_by_default="false" />
  <inspection_tool class="AndroidLintMissingOnPlayFromSearch" enabled="false" level="ERROR" enabled_by_default="false" />
  <inspection_tool class="AndroidLintMissingPermission" enabled="false" level="ERROR" enabled_by_default="false" />
  <inspection_tool class="AndroidLintMissingPrefix" enabled="false" level="ERROR" enabled_by_default="false" />
  <inspection_tool class="AndroidLintMissingQuantity" enabled="false" level="ERROR" enabled_by_default="false" />
  <inspection_tool class="AndroidLintMissingSuperCall" enabled="false" level="ERROR" enabled_by_default="false" />
  <inspection_tool class="AndroidLintMissingTranslation" enabled="false" level="ERROR" enabled_by_default="false" />
  <inspection_tool class="AndroidLintMissingTvBanner" enabled="false" level="ERROR" enabled_by_default="false" />
  <inspection_tool class="AndroidLintMissingVersion" enabled="false" level="WARNING" enabled_by_default="false" />
  <inspection_tool class="AndroidLintMockLocation" enabled="false" level="ERROR" enabled_by_default="false" />
  <inspection_tool class="AndroidLintMultipleUsesSdk" enabled="false" level="ERROR" enabled_by_default="false" />
  <inspection_tool class="AndroidLintNamespaceTypo" enabled="false" level="ERROR" enabled_by_default="false" />
  <inspection_tool class="AndroidLintNestedScrolling" enabled="false" level="WARNING" enabled_by_default="false" />
  <inspection_tool class="AndroidLintNestedWeights" enabled="false" level="WARNING" enabled_by_default="false" />
  <inspection_tool class="AndroidLintNetworkSecurityConfig" enabled="false" level="ERROR" enabled_by_default="false" />
  <inspection_tool class="AndroidLintNewApi" enabled="false" level="ERROR" enabled_by_default="false" />
  <inspection_tool class="AndroidLintNfcTechWhitespace" enabled="false" level="ERROR" enabled_by_default="false" />
  <inspection_tool class="AndroidLintNotInterpolated" enabled="false" level="ERROR" enabled_by_default="false" />
  <inspection_tool class="AndroidLintNotSibling" enabled="false" level="ERROR" enabled_by_default="false" />
  <inspection_tool class="AndroidLintNotificationIconCompatibility" enabled="false" level="WARNING" enabled_by_default="false" />
  <inspection_tool class="AndroidLintObjectAnimatorBinding" enabled="false" level="ERROR" enabled_by_default="false" />
  <inspection_tool class="AndroidLintObsoleteLayoutParam" enabled="false" level="WARNING" enabled_by_default="false" />
  <inspection_tool class="AndroidLintObsoleteSdkInt" enabled="false" level="WARNING" enabled_by_default="false" />
  <inspection_tool class="AndroidLintOldTargetApi" enabled="false" level="WARNING" enabled_by_default="false" />
  <inspection_tool class="AndroidLintOnClick" enabled="false" level="ERROR" enabled_by_default="false" />
  <inspection_tool class="AndroidLintOrientation" enabled="false" level="ERROR" enabled_by_default="false" />
  <inspection_tool class="AndroidLintOutdatedLibrary" enabled="false" level="ERROR" enabled_by_default="false" />
  <inspection_tool class="AndroidLintOverdraw" enabled="false" level="WARNING" enabled_by_default="false" />
  <inspection_tool class="AndroidLintOverride" enabled="false" level="ERROR" enabled_by_default="false" />
  <inspection_tool class="AndroidLintOverrideAbstract" enabled="false" level="ERROR" enabled_by_default="false" />
  <inspection_tool class="AndroidLintPackageManagerGetSignatures" enabled="false" level="WARNING" enabled_by_default="false" />
  <inspection_tool class="AndroidLintPackagedPrivateKey" enabled="false" level="ERROR" enabled_by_default="false" />
  <inspection_tool class="AndroidLintParcelClassLoader" enabled="false" level="WARNING" enabled_by_default="false" />
  <inspection_tool class="AndroidLintParcelCreator" enabled="false" level="ERROR" enabled_by_default="false" />
  <inspection_tool class="AndroidLintPendingBindings" enabled="false" level="ERROR" enabled_by_default="false" />
  <inspection_tool class="AndroidLintPermissionImpliesUnsupportedHardware" enabled="false" level="WARNING" enabled_by_default="false" />
  <inspection_tool class="AndroidLintPinSetExpiry" enabled="false" level="WARNING" enabled_by_default="false" />
  <inspection_tool class="AndroidLintPluralsCandidate" enabled="false" level="WARNING" enabled_by_default="false" />
  <inspection_tool class="AndroidLintPrivateApi" enabled="false" level="WARNING" enabled_by_default="false" />
  <inspection_tool class="AndroidLintPrivateResource" enabled="false" level="WARNING" enabled_by_default="false" />
  <inspection_tool class="AndroidLintProguard" enabled="false" level="ERROR" enabled_by_default="false" />
  <inspection_tool class="AndroidLintProguardSplit" enabled="false" level="WARNING" enabled_by_default="false" />
  <inspection_tool class="AndroidLintPropertyEscape" enabled="false" level="ERROR" enabled_by_default="false" />
  <inspection_tool class="AndroidLintProtectedPermissions" enabled="false" level="ERROR" enabled_by_default="false" />
  <inspection_tool class="AndroidLintProxyPassword" enabled="false" level="WARNING" enabled_by_default="false" />
  <inspection_tool class="AndroidLintPxUsage" enabled="false" level="WARNING" enabled_by_default="false" />
  <inspection_tool class="AndroidLintRange" enabled="false" level="ERROR" enabled_by_default="false" />
  <inspection_tool class="AndroidLintRecycle" enabled="false" level="WARNING" enabled_by_default="false" />
  <inspection_tool class="AndroidLintRecyclerView" enabled="false" level="WARNING" enabled_by_default="false" />
  <inspection_tool class="AndroidLintReferenceType" enabled="false" level="ERROR" enabled_by_default="false" />
  <inspection_tool class="AndroidLintRegistered" enabled="false" level="WARNING" enabled_by_default="false" />
  <inspection_tool class="AndroidLintRelativeOverlap" enabled="false" level="WARNING" enabled_by_default="false" />
  <inspection_tool class="AndroidLintRequiredSize" enabled="false" level="ERROR" enabled_by_default="false" />
  <inspection_tool class="AndroidLintRequiresFeature" enabled="false" level="WARNING" enabled_by_default="false" />
  <inspection_tool class="AndroidLintResAuto" enabled="false" level="ERROR" enabled_by_default="false" />
  <inspection_tool class="AndroidLintResourceAsColor" enabled="false" level="ERROR" enabled_by_default="false" />
  <inspection_tool class="AndroidLintResourceCycle" enabled="false" level="ERROR" enabled_by_default="false" />
  <inspection_tool class="AndroidLintResourceName" enabled="false" level="ERROR" enabled_by_default="false" />
  <inspection_tool class="AndroidLintResourceType" enabled="false" level="ERROR" enabled_by_default="false" />
  <inspection_tool class="AndroidLintRestrictedApi" enabled="false" level="ERROR" enabled_by_default="false" />
  <inspection_tool class="AndroidLintRiskyLibrary" enabled="false" level="ERROR" enabled_by_default="false" />
  <inspection_tool class="AndroidLintRtlCompat" enabled="false" level="ERROR" enabled_by_default="false" />
  <inspection_tool class="AndroidLintRtlEnabled" enabled="false" level="WARNING" enabled_by_default="false" />
  <inspection_tool class="AndroidLintRtlHardcoded" enabled="false" level="WARNING" enabled_by_default="false" />
  <inspection_tool class="AndroidLintRtlSymmetry" enabled="false" level="WARNING" enabled_by_default="false" />
  <inspection_tool class="AndroidLintSQLiteString" enabled="false" level="WARNING" enabled_by_default="false" />
  <inspection_tool class="AndroidLintSSLCertificateSocketFactoryCreateSocket" enabled="false" level="WARNING" enabled_by_default="false" />
  <inspection_tool class="AndroidLintSSLCertificateSocketFactoryGetInsecure" enabled="false" level="WARNING" enabled_by_default="false" />
  <inspection_tool class="AndroidLintScrollViewCount" enabled="false" level="WARNING" enabled_by_default="false" />
  <inspection_tool class="AndroidLintScrollViewSize" enabled="false" level="WARNING" enabled_by_default="false" />
  <inspection_tool class="AndroidLintSdCardPath" enabled="false" level="WARNING" enabled_by_default="false" />
  <inspection_tool class="AndroidLintSecureRandom" enabled="false" level="WARNING" enabled_by_default="false" />
  <inspection_tool class="AndroidLintServiceCast" enabled="false" level="ERROR" enabled_by_default="false" />
  <inspection_tool class="AndroidLintSetJavaScriptEnabled" enabled="false" level="WARNING" enabled_by_default="false" />
  <inspection_tool class="AndroidLintSetTextI18n" enabled="false" level="WARNING" enabled_by_default="false" />
  <inspection_tool class="AndroidLintSetWorldReadable" enabled="false" level="WARNING" enabled_by_default="false" />
  <inspection_tool class="AndroidLintSetWorldWritable" enabled="false" level="WARNING" enabled_by_default="false" />
  <inspection_tool class="AndroidLintShiftFlags" enabled="false" level="WARNING" enabled_by_default="false" />
  <inspection_tool class="AndroidLintShortAlarm" enabled="false" level="WARNING" enabled_by_default="false" />
  <inspection_tool class="AndroidLintShowToast" enabled="false" level="WARNING" enabled_by_default="false" />
  <inspection_tool class="AndroidLintSignatureOrSystemPermissions" enabled="false" level="WARNING" enabled_by_default="false" />
  <inspection_tool class="AndroidLintSimpleDateFormat" enabled="false" level="WARNING" enabled_by_default="false" />
  <inspection_tool class="AndroidLintSlices" enabled="false" level="WARNING" enabled_by_default="false" />
  <inspection_tool class="AndroidLintSmallSp" enabled="false" level="WARNING" enabled_by_default="false" />
  <inspection_tool class="AndroidLintSpUsage" enabled="false" level="WARNING" enabled_by_default="false" />
  <inspection_tool class="AndroidLintStateListReachable" enabled="false" level="WARNING" enabled_by_default="false" />
  <inspection_tool class="AndroidLintStaticFieldLeak" enabled="false" level="WARNING" enabled_by_default="false" />
  <inspection_tool class="AndroidLintStringEscaping" enabled="false" level="ERROR" enabled_by_default="false" />
  <inspection_tool class="AndroidLintStringFormatCount" enabled="false" level="WARNING" enabled_by_default="false" />
  <inspection_tool class="AndroidLintStringFormatInvalid" enabled="false" level="ERROR" enabled_by_default="false" />
  <inspection_tool class="AndroidLintStringFormatMatches" enabled="false" level="ERROR" enabled_by_default="false" />
  <inspection_tool class="AndroidLintStringShouldBeInt" enabled="false" level="ERROR" enabled_by_default="false" />
  <inspection_tool class="AndroidLintSupportAnnotationUsage" enabled="false" level="ERROR" enabled_by_default="false" />
  <inspection_tool class="AndroidLintSuspicious0dp" enabled="false" level="ERROR" enabled_by_default="false" />
  <inspection_tool class="AndroidLintSuspiciousImport" enabled="false" level="WARNING" enabled_by_default="false" />
  <inspection_tool class="AndroidLintSwitchIntDef" enabled="false" level="WARNING" enabled_by_default="false" />
  <inspection_tool class="AndroidLintTestAppLink" enabled="false" level="ERROR" enabled_by_default="false" />
  <inspection_tool class="AndroidLintTextFields" enabled="false" level="WARNING" enabled_by_default="false" />
  <inspection_tool class="AndroidLintTextViewEdits" enabled="false" level="WARNING" enabled_by_default="false" />
  <inspection_tool class="AndroidLintTooDeepLayout" enabled="false" level="WARNING" enabled_by_default="false" />
  <inspection_tool class="AndroidLintTooManyViews" enabled="false" level="WARNING" enabled_by_default="false" />
  <inspection_tool class="AndroidLintTranslucentOrientation" enabled="false" level="WARNING" enabled_by_default="false" />
  <inspection_tool class="AndroidLintTrustAllX509TrustManager" enabled="false" level="WARNING" enabled_by_default="false" />
  <inspection_tool class="AndroidLintTypographyDashes" enabled="false" level="WARNING" enabled_by_default="false" />
  <inspection_tool class="AndroidLintTypographyEllipsis" enabled="false" level="WARNING" enabled_by_default="false" />
  <inspection_tool class="AndroidLintTypographyFractions" enabled="false" level="WARNING" enabled_by_default="false" />
  <inspection_tool class="AndroidLintTypographyOther" enabled="false" level="WARNING" enabled_by_default="false" />
  <inspection_tool class="AndroidLintTypos" enabled="false" level="WARNING" enabled_by_default="false" />
  <inspection_tool class="AndroidLintUniqueConstants" enabled="false" level="ERROR" enabled_by_default="false" />
  <inspection_tool class="AndroidLintUniquePermission" enabled="false" level="ERROR" enabled_by_default="false" />
  <inspection_tool class="AndroidLintUnknownId" enabled="false" level="ERROR" enabled_by_default="false" />
  <inspection_tool class="AndroidLintUnknownIdInLayout" enabled="false" level="WARNING" enabled_by_default="false" />
  <inspection_tool class="AndroidLintUnlocalizedSms" enabled="false" level="WARNING" enabled_by_default="false" />
  <inspection_tool class="AndroidLintUnpackedNativeCode" enabled="false" level="WARNING" enabled_by_default="false" />
  <inspection_tool class="AndroidLintUnprotectedSMSBroadcastReceiver" enabled="false" level="WARNING" enabled_by_default="false" />
  <inspection_tool class="AndroidLintUnsafeDynamicallyLoadedCode" enabled="false" level="WARNING" enabled_by_default="false" />
  <inspection_tool class="AndroidLintUnsafeNativeCodeLocation" enabled="false" level="WARNING" enabled_by_default="false" />
  <inspection_tool class="AndroidLintUnsafeProtectedBroadcastReceiver" enabled="false" level="WARNING" enabled_by_default="false" />
  <inspection_tool class="AndroidLintUnsupportedTvHardware" enabled="false" level="ERROR" enabled_by_default="false" />
  <inspection_tool class="AndroidLintUntranslatable" enabled="false" level="WARNING" enabled_by_default="false" />
  <inspection_tool class="AndroidLintUnusedAttribute" enabled="false" level="WARNING" enabled_by_default="false" />
  <inspection_tool class="AndroidLintUnusedQuantity" enabled="false" level="WARNING" enabled_by_default="false" />
  <inspection_tool class="AndroidLintUnusedResources" enabled="false" level="WARNING" enabled_by_default="false" />
  <inspection_tool class="AndroidLintUseAlpha2" enabled="false" level="WARNING" enabled_by_default="false" />
  <inspection_tool class="AndroidLintUseCheckPermission" enabled="false" level="WARNING" enabled_by_default="false" />
  <inspection_tool class="AndroidLintUseCompoundDrawables" enabled="false" level="WARNING" enabled_by_default="false" />
  <inspection_tool class="AndroidLintUseOfBundledGooglePlayServices" enabled="false" level="WARNING" enabled_by_default="false" />
  <inspection_tool class="AndroidLintUseSparseArrays" enabled="false" level="WARNING" enabled_by_default="false" />
  <inspection_tool class="AndroidLintUseValueOf" enabled="false" level="WARNING" enabled_by_default="false" />
  <inspection_tool class="AndroidLintUselessLeaf" enabled="false" level="WARNING" enabled_by_default="false" />
  <inspection_tool class="AndroidLintUselessParent" enabled="false" level="WARNING" enabled_by_default="false" />
  <inspection_tool class="AndroidLintUsesMinSdkAttributes" enabled="false" level="WARNING" enabled_by_default="false" />
  <inspection_tool class="AndroidLintUsingC2DM" enabled="false" level="ERROR" enabled_by_default="false" />
  <inspection_tool class="AndroidLintUsingHttp" enabled="false" level="WARNING" enabled_by_default="false" />
  <inspection_tool class="AndroidLintValidActionsXml" enabled="false" level="ERROR" enabled_by_default="false" />
  <inspection_tool class="AndroidLintValidFragment" enabled="false" level="ERROR" enabled_by_default="false" />
  <inspection_tool class="AndroidLintValidRestrictions" enabled="false" level="ERROR" enabled_by_default="false" />
  <inspection_tool class="AndroidLintVectorDrawableCompat" enabled="false" level="ERROR" enabled_by_default="false" />
  <inspection_tool class="AndroidLintVectorPath" enabled="false" level="WARNING" enabled_by_default="false" />
  <inspection_tool class="AndroidLintVectorRaster" enabled="false" level="WARNING" enabled_by_default="false" />
  <inspection_tool class="AndroidLintViewConstructor" enabled="false" level="WARNING" enabled_by_default="false" />
  <inspection_tool class="AndroidLintViewHolder" enabled="false" level="WARNING" enabled_by_default="false" />
  <inspection_tool class="AndroidLintViewTag" enabled="false" level="WARNING" enabled_by_default="false" />
  <inspection_tool class="AndroidLintVisibleForTests" enabled="false" level="WARNING" enabled_by_default="false" />
  <inspection_tool class="AndroidLintWakelockTimeout" enabled="false" level="WARNING" enabled_by_default="false" />
  <inspection_tool class="AndroidLintWearStandaloneAppFlag" enabled="false" level="WARNING" enabled_by_default="false" />
  <inspection_tool class="AndroidLintWearableBindListener" enabled="false" level="ERROR" enabled_by_default="false" />
  <inspection_tool class="AndroidLintWebViewLayout" enabled="false" level="ERROR" enabled_by_default="false" />
  <inspection_tool class="AndroidLintWebpUnsupported" enabled="false" level="ERROR" enabled_by_default="false" />
  <inspection_tool class="AndroidLintWifiManagerLeak" enabled="false" level="ERROR" enabled_by_default="false" />
  <inspection_tool class="AndroidLintWifiManagerPotentialLeak" enabled="false" level="WARNING" enabled_by_default="false" />
  <inspection_tool class="AndroidLintWorldReadableFiles" enabled="false" level="WARNING" enabled_by_default="false" />
  <inspection_tool class="AndroidLintWorldWriteableFiles" enabled="false" level="WARNING" enabled_by_default="false" />
  <inspection_tool class="AndroidLintWrongCall" enabled="false" level="ERROR" enabled_by_default="false" />
  <inspection_tool class="AndroidLintWrongCase" enabled="false" level="ERROR" enabled_by_default="false" />
  <inspection_tool class="AndroidLintWrongConstant" enabled="false" level="ERROR" enabled_by_default="false" />
  <inspection_tool class="AndroidLintWrongFolder" enabled="false" level="ERROR" enabled_by_default="false" />
  <inspection_tool class="AndroidLintWrongRegion" enabled="false" level="WARNING" enabled_by_default="false" />
  <inspection_tool class="AndroidLintWrongThread" enabled="false" level="ERROR" enabled_by_default="false" />
  <inspection_tool class="AndroidLintWrongViewCast" enabled="false" level="ERROR" enabled_by_default="false" />
  <inspection_tool class="AndroidMissingOnClickHandler" enabled="false" level="WARNING" enabled_by_default="false" />
  <inspection_tool class="AndroidNonConstantResIdsInSwitch" enabled="false" level="ERROR" enabled_by_default="false" />
  <inspection_tool class="AndroidRoomQuestionMarkBindParameter" enabled="false" level="ERROR" enabled_by_default="false" />
  <inspection_tool class="AndroidUnknownAttribute" enabled="false" level="WARNING" enabled_by_default="false" />
  <inspection_tool class="AndroidUnresolvedRoomSqlReference" enabled="false" level="ERROR" enabled_by_default="false" />
  <inspection_tool class="AntDuplicateTargetsInspection" enabled="false" level="ERROR" enabled_by_default="false" />
  <inspection_tool class="AntMissingPropertiesFileInspection" enabled="false" level="ERROR" enabled_by_default="false" />
  <inspection_tool class="AntResolveInspection" enabled="false" level="ERROR" enabled_by_default="false" />
  <inspection_tool class="JavaDoc" enabled="true" level="WARNING" enabled_by_default="true">
    <option name="TOP_LEVEL_CLASS_OPTIONS">
      <value>
        <option name="ACCESS_JAVADOC_REQUIRED_FOR" value="none" />
        <option name="REQUIRED_TAGS" value="" />
      </value>
    </option>
    <option name="INNER_CLASS_OPTIONS">
      <value>
        <option name="ACCESS_JAVADOC_REQUIRED_FOR" value="none" />
        <option name="REQUIRED_TAGS" value="" />
      </value>
    </option>
    <option name="METHOD_OPTIONS">
      <value>
        <option name="ACCESS_JAVADOC_REQUIRED_FOR" value="none" />
        <option name="REQUIRED_TAGS" value="@return@param@throws or @exception" />
      </value>
    </option>
    <option name="FIELD_OPTIONS">
      <value>
        <option name="ACCESS_JAVADOC_REQUIRED_FOR" value="none" />
        <option name="REQUIRED_TAGS" value="" />
      </value>
    </option>
    <option name="IGNORE_DEPRECATED" value="false" />
    <option name="IGNORE_JAVADOC_PERIOD" value="true" />
    <option name="IGNORE_DUPLICATED_THROWS" value="false" />
    <option name="IGNORE_POINT_TO_ITSELF" value="false" />
    <option name="myAdditionalJavadocTags" value="date" />
  </inspection_tool>
  <inspection_tool class="XmlWrongFileType" enabled="false" level="WARNING" enabled_by_default="false" />
</profile>